BeatNumber, OnBeat, BeatDiff, Key
2040, 0, 0.200318, 67
2048, 1, 0.058423, 162
2048, 1, 0.091941, 164
