BeatNumber, OnBeat, BeatDiff, Key
1457, 0, 0.103041, 32
1458, 0, -0.16739, 27
